Country ID,Country,1990,1991,1992,1993,1994,1995,1996,1997,1998,1999,2000,2001,2002,2003,2004,2005,2006,2007,2008,2009,2010,2011,2012,2013,2014,2015,2016,2017,2018,Latest Year Available,"CH4 emissions, latest year",% change since 1990,"Emissions, pc last year"
4.0,Afghanistan,,,,,,,,,,,,,,,,10163.18,,,,,,,,13916.0,,,,,,2013,13916.0,,0.431
8.0,Albania,1143.87,1183.56,1161.72,1256.43,1309.77,1313.34,1573.32,1602.93,1617.21,1747.62,2155.55,2115.88,2072.43,2097.86,2135.68,2062.83,2121.02,2038.51,1927.65,1984.17,,,,,,,,,,2009,1984.17,73.46,0.667
12.0,Algeria,,,,,18753.0,,,,,,32922.13,,,,,,,,,,,,,,,,,,,2000,32922.13,,1.061
24.0,Angola,,,,,,,,,,,15931.23,,,,,19932.36,,,,,,,,,,,,,,2005,19932.36,,1.026
28.0,Antigua and Barbuda,98.91,,,,,,,,,,142.17,,,,,,,,,,,,,,,,,,,2000,142.17,43.74,1.87
32.0,Argentina,76790.2,,,,82725.07,,,82099.27,,,84849.65,,,,,,,,,,75074.92,,77139.66,,,,,,,2012,77139.66,0.46,1.847
51.0,Armenia,3169.3,,,,,,,,,,1845.52,,,,,,2164.76,,,,2261.11,,,,,,,,,2010,2261.11,-28.66,0.786
36.0,Australia,4975.33,4972.35,4949.66,4804.72,4673.4,4606.33,4614.23,4727.96,4686.15,4520.94,4667.97,4611.97,4540.3,4322.55,4408.02,4476.36,4453.77,4442.61,4374.14,4335.54,4250.36,4331.16,4316.28,4288.74,4202.84,4214.75,4234.96,4326.83,4381.29,2018,4381.29,-11.94,0.176
40.0,Austria,415.66,410.66,399.27,395.9,384.3,381.22,369.11,357.02,349.83,342.59,335.72,329.39,323.74,321.21,321.35,312.0,308.01,303.81,298.78,295.73,292.35,284.34,280.27,276.28,271.1,268.08,265.7,265.04,257.55,2018,257.55,-38.04,0.029
31.0,Azerbaijan,13459.35,12482.4,10730.37,9874.62,9233.28,9617.79,9042.81,8867.46,8525.16,8874.81,8839.66,9598.47,9598.26,9691.5,9846.27,10393.96,11375.38,13804.2,17617.6,17263.73,17474.25,17081.08,17593.8,15997.72,,,,,,2013,15997.72,18.86,1.705
44.0,Bahamas,21.0,,,,21.0,,,,,,25.62,,,,,,,,,,,,,,,,,,,2000,25.62,22.02,0.086
48.0,Bahrain,,,,,2945.04,,,,,,3906.0,,,,,,,,,,,,,,,,,,,2000,3906.0,,5.877
50.0,Bangladesh,,,,,25007.66,,,,,,,35343.84,,,,39465.3,,,,,,,,,,,,,,2005,39465.3,,0.284
52.0,Barbados,1662.57,,,,1787.52,,,1808.52,,,,,,,,,,,,,,,,,,,,,,1997,1808.52,8.78,6.744
112.0,Belarus,698.34,655.49,604.63,572.36,542.35,514.64,512.32,515.41,515.03,496.99,491.45,488.87,485.89,491.66,523.38,513.08,530.11,540.27,578.91,583.15,606.03,601.63,614.64,631.09,634.15,639.95,631.36,637.26,643.9,2018,643.9,-7.8,0.068
56.0,Belgium,488.61,487.15,483.97,481.86,483.68,486.72,480.39,475.92,469.24,458.9,441.1,423.07,405.6,382.76,380.69,370.83,366.77,364.37,356.44,353.84,351.77,341.23,335.69,329.47,324.76,325.09,324.05,317.28,313.95,2018,313.95,-35.75,0.027
84.0,Belize,,,,,5565.82,,,,,,141.54,,,191.24,,,230.04,,,261.72,,,,,,,,,,2009,261.72,,0.832
204.0,Benin,,,,,,38015.11,,,,,2323.65,,,,,,,,,,,,,,,,,,,2000,2323.65,,0.338
64.0,Bhutan,,,,,403.83,,,,,,592.83,,,,,,,,,,,,,,,,,,,2000,592.83,,1.003
68.0,Bolivia (Plurinational State of),9351.72,,,,11673.69,,,,12288.78,,12764.85,,11024.09,,11973.06,,,,,,,,,,,,,,,2004,11973.06,28.03,1.32
70.0,Bosnia and Herzegovina,4454.52,4345.53,3037.02,1053.99,1195.11,1380.75,1865.64,2080.26,2278.92,2368.8,2382.45,2418.78,,,,,,,,,,,,2751.0,2478.0,,,,,2014,2478.0,-44.37,0.712
72.0,Botswana,,,,,4238.68,,,,,,2160.54,,,,,,,,,,,,,,,4067.23,,,,2015,4067.23,,1.918
76.0,Brazil,232927.8,240124.5,244379.1,245527.8,250443.9,255393.6,249784.5,254480.1,257447.4,262161.9,269304.0,278665.8,288575.7,301723.8,314638.8,321060.6,320077.8,308441.7,314244.0,320331.9,326474.4,334055.4,331947.0,338570.4,341751.9,346019.1,,,,2015,346019.1,48.55,1.692
96.0,Brunei Darussalam,,,,,,,,,,,,,,,,,,,,,3490.94,,,,,,,,,2010,3490.94,,8.983
100.0,Bulgaria,637.47,597.88,586.45,543.91,468.14,469.77,466.13,453.01,429.16,408.73,402.75,373.07,378.39,395.94,371.25,352.36,340.08,336.28,327.22,315.08,313.77,322.25,307.45,302.59,298.39,298.02,288.53,280.05,270.15,2018,270.15,-57.62,0.038
854.0,Burkina Faso,,,,,4700.44,,,,,,,,,,,,,10080.0,,,,,,,,,,,,2007,10080.0,,0.707
108.0,Burundi,,,,,,,,,943.02,,,,,,,1044.3,,,,,1412.4,,,,,1162.67,,,,2015,1162.67,,0.114
132.0,Cabo Verde,,,,,,68.96,,,,,68.86,,,,,,,,,,,,,,,,,,,2000,68.86,,0.161
116.0,Cambodia,,,,,7773.36,,,,,,19192.11,,,,,,,,,,,,,,,,,,,2000,19192.11,,1.579
120.0,Cameroon,,,,,17709.34,,,,,,9828.0,,,,,,,,,,,,,,,,,,,2000,9828.0,,0.633
124.0,Canada,3619.4,3688.93,3861.38,3995.66,4148.95,4305.69,4449.18,4389.49,4418.9,4461.96,4480.97,4406.15,4332.99,4271.45,4283.64,4229.49,4189.23,4123.71,4007.63,3756.88,3662.37,3655.47,3762.42,3820.09,3891.1,3821.7,3700.29,3675.72,3656.96,2018,3656.96,1.04,0.099
140.0,Central African Republic,,,,,11881.8,,,,,,,,,29460.61,29460.65,29460.67,9451.26,9451.28,9451.58,4870.07,4869.75,,,,,,,,,2010,4869.75,,1.11
148.0,Chad,,,,6937.6,,,,,6033.09,6149.43,6250.86,6370.98,6498.24,6686.4,,,,,,,,,,,,,,,,2003,6686.4,,0.713
152.0,Chile,10831.8,,,8084.16,11258.1,,,,,,12282.9,,,,,,10929.53,,,,11245.5,,,11949.0,,,11705.4,,,2016,11705.4,8.07,0.643
156.0,China,,,,,720027.0,,,,,,,,,,,1009000.0,,,,,1126692.0,,1173900.0,,1124970.0,,,,,2014,1124970.0,,0.804
170.0,Colombia,44386.44,,,,48220.62,,,,,,49088.34,,,,53873.61,,,,,,,,,,,,,,,2004,53873.61,21.37,1.28
174.0,Comoros,,,,,55.44,,,,,,55.77,,,,,,,,,,,,,,,,,,,2000,55.77,,0.103
178.0,Congo,,,,,583.19,,,,,,501.48,,,,,,,,,,,,,,,,,,,2000,501.48,,0.16
184.0,Cook Islands,,,,,10.59,,,,,,,,,,,,,,,,,,,,,,,,,1994,10.59,,0.555
188.0,Costa Rica,3157.23,,,,,,3688.44,,,,3363.51,,,,,3532.64,,,,,,,,,,,,,,2005,3532.64,11.89,0.824
384.0,Côte d’Ivoire,,,,,18680.73,,,,,,25147.5,,,,,,,,,,,,,,,,,,,2000,25147.5,,1.528
191.0,Croatia,175.3,169.4,151.04,147.78,140.51,138.85,137.57,136.77,136.06,138.84,137.03,140.35,141.08,148.28,152.47,153.32,158.8,159.78,159.63,162.78,165.81,163.81,161.94,152.49,154.18,157.86,163.4,162.76,155.55,2018,155.55,-11.27,0.037
192.0,Cuba,7318.71,,7317.66,,7194.39,,7393.26,,7450.17,,7682.01,,8365.14,,,,,,,,,,,,,,,,,2002,8365.14,14.3,0.747
196.0,Cyprus,26.46,26.92,27.65,28.63,29.16,30.0,30.68,30.85,30.91,31.04,31.7,32.97,33.94,33.61,33.42,32.74,32.81,32.94,32.87,32.96,33.28,33.48,33.06,32.82,32.83,33.3,34.33,35.01,35.38,2018,35.38,33.73,0.03
203.0,Czechia,941.12,878.39,824.93,788.63,743.93,726.98,721.07,704.73,677.3,648.15,615.14,605.39,588.52,588.97,572.12,587.01,596.32,578.92,583.78,569.83,577.84,579.12,578.42,555.19,555.14,557.76,539.15,531.21,526.2,2018,526.2,-44.09,0.049
408.0,Democratic People's Republic of Korea,24801.0,,,,19530.0,,,,,,12222.0,,12621.0,,,,,,,,,,,,,,,,,2002,12621.0,-49.11,0.541
180.0,Democratic Republic of the Congo,,,,,40636.68,,,,,36729.0,37498.86,36896.58,36991.71,37293.48,,,,,,,,,,,,,,,,2003,37293.48,,0.725
208.0,Denmark,317.68,325.07,327.85,335.45,330.66,333.56,337.91,333.13,335.23,330.81,327.8,337.42,334.95,335.94,328.77,319.17,315.0,314.02,309.37,304.15,306.7,300.33,296.03,292.34,290.98,288.05,290.12,291.22,294.74,2018,294.74,-7.22,0.051
262.0,Djibouti,,,,,236.04,,,,,,280.29,,,,,,,,,,,,,,,,,,,2000,280.29,,0.391
212.0,Dominica,,,,,62.58,,,,,,31.65,32.97,32.76,32.55,32.76,32.76,47.97,48.3,49.14,48.3,48.55,54.05,50.06,49.85,50.06,50.08,50.04,52.34,,2017,52.34,,0.732
214.0,Dominican Republic,3039.75,,,,4659.96,,,,4506.18,,4836.51,,,,,,,,,,9174.71,,,,,,,,,2010,9174.71,201.82,0.946
218.0,Ecuador,13048.77,,,,,,,,,,,,,,,,,,,,11507.76,,11724.49,,,,,,,2012,11724.49,-10.15,0.758
818.0,Egypt,22174.74,,,,,,,,,,39433.97,,,,,42316.3,,,,,,,,,,,,,,2005,42316.3,90.83,0.56
222.0,El Salvador,,,,,3107.58,,,,,,,,,,,3360.63,,,,,,,,,,,,,,2005,3360.63,,0.555
232.0,Eritrea,,,,,1581.72,81.27,100.17,122.85,132.72,143.22,3003.0,,,,,,,,,,,,,,,,,,,2000,3003.0,,1.31
233.0,Estonia,76.05,72.91,63.26,53.74,52.06,50.48,51.02,53.17,51.52,47.97,49.52,50.92,49.18,49.28,50.0,48.71,48.25,48.9,48.29,48.91,49.75,48.03,48.73,48.65,47.25,45.87,45.01,45.18,44.7,2018,44.7,-41.23,0.034
748.0,Eswatini,,,,,1347.49,,,,,,,,,,,,,,,,,,,,,,,,,1994,1347.49,,1.485
231.0,Ethiopia,37611.0,38388.0,36960.0,37044.0,31031.45,31900.99,33132.65,49490.2,49979.51,49944.17,48738.06,50759.53,55860.72,55368.63,56312.18,45262.61,46975.78,52187.45,53239.45,55062.21,57701.18,59920.81,60327.04,60729.02,,,,,,2013,60729.02,61.47,0.637
242.0,Fiji,,,,,542.43,,,,,,,,,,514.82,,,,,,,,,,,,,,,2004,514.82,,0.629
246.0,Finland,307.38,306.66,304.68,306.29,305.1,296.8,293.66,290.36,279.7,272.77,262.45,257.05,248.11,239.88,232.53,222.59,225.54,220.25,214.53,211.87,214.2,207.33,205.13,199.58,195.69,194.26,189.13,184.21,181.63,2018,181.63,-40.91,0.033
250.0,France,2795.09,2823.37,2816.39,2831.38,2835.49,2859.52,2828.41,2784.27,2788.83,2791.13,2805.91,2800.6,2732.62,2689.28,2629.92,2586.11,2556.8,2539.77,2541.92,2498.27,2487.89,2440.25,2387.05,2366.43,2359.48,2332.34,2309.89,2295.16,2260.0,2018,2260.0,-19.14,0.035
266.0,Gabon,,,,,1167.37,,,,,,710.43,,,,,,,,,,,,,,,,,,,2000,710.43,,0.578
270.0,Gambia,,,,4010.74,,,,,,,795.23,,,,,,,,,,,,,,,,,,,2000,795.23,,0.603
268.0,Georgia,2545.2,6208.44,4871.24,3747.16,3181.71,2980.01,3045.0,348.6,,,5093.34,4332.72,4290.93,4625.04,4438.35,4095.04,5175.56,5031.47,4589.45,3917.29,4107.18,4568.13,4939.62,4700.22,,,,,,2013,4700.22,84.67,1.161
276.0,Germany,4847.7,4600.77,4457.42,4481.78,4323.44,4224.53,4129.84,3949.41,3745.03,3709.19,3544.22,3401.79,3238.77,3100.55,2901.15,2774.73,2623.81,2542.77,2506.12,2407.4,2367.25,2322.69,2352.19,2328.78,2279.64,2270.7,2220.28,2189.53,2105.68,2018,2105.68,-56.56,0.025
288.0,Ghana,3005.81,3350.05,3227.07,3314.01,3463.95,3651.27,3842.58,4409.43,4502.33,4608.03,4870.74,5361.93,5702.97,5852.7,6100.08,6217.89,6419.28,,,,,,,,,,,,,2006,6419.28,113.56,0.287
300.0,Greece,441.69,441.64,444.68,446.06,450.85,457.1,463.81,461.94,470.88,470.12,469.44,442.23,446.57,450.46,451.5,455.29,458.4,453.06,449.19,434.47,442.73,437.43,430.91,421.32,412.95,406.07,392.2,402.37,403.64,2018,403.64,-8.61,0.038
308.0,Grenada,,,,,1470.51,,,,,,,,,,,,,,,,,,,,,,,,,1994,1470.51,,14.802
320.0,Guatemala,4087.86,,,,3846.15,,,,,,4086.85,,,,,5235.51,,,,,,,,,,,,,,2005,5235.51,28.07,0.4
324.0,Guinea,,,,,3249.52,,,,,,7623.0,,,,,,,,,,,,,,,,,,,2000,7623.0,,0.925
624.0,Guinea-Bissau,,,,,668.68,,,,,,,,,,,,1219.68,,,,3450.22,,,,,,,,,2010,3450.22,,2.266
328.0,Guyana,891.03,901.53,907.83,922.53,925.26,873.6,933.03,969.36,904.26,1040.13,918.96,973.14,771.12,1027.53,995.61,,,,,,,,,,,,,,,2004,995.61,11.74,1.335
332.0,Haiti,,,,,2739.87,3064.74,3630.69,3649.59,3628.59,3674.16,3669.96,,,,,,,,,,,,,,,,,,,2000,3669.96,,0.434
340.0,Honduras,,,,,,5762.23,,,,,3847.85,,,,,4149.6,,,,,,,,,,3705.45,,,,2015,3705.45,,0.407
348.0,Hungary,468.87,458.12,406.09,384.14,365.35,343.9,346.42,340.81,336.0,338.6,342.65,338.02,336.03,342.85,328.73,320.47,314.58,312.76,306.93,308.41,308.54,305.22,307.21,300.46,293.19,294.11,292.11,294.98,290.88,2018,290.88,-37.96,0.03
352.0,Iceland,24.42,24.32,24.74,25.41,25.78,25.85,26.68,26.88,26.91,27.23,27.21,27.67,27.93,27.54,27.4,26.9,28.35,28.61,28.06,27.7,27.27,26.41,25.34,25.54,26.02,26.26,25.92,25.48,25.2,2018,25.2,3.18,0.075
356.0,India,,,,,379596.0,,,,,,407238.3,,,,,,,,,,412086.36,,,,,,,,,2010,412086.36,,0.334
360.0,Indonesia,106113.0,119536.2,122351.04,124257.84,126882.0,,,,,,236331.9,,,,,,,,,,,,,,,,,,,2000,236331.9,122.72,1.117
364.0,Iran (Islamic Republic of),,,,,53144.39,,,,,,75713.82,,,,,,,,,,,,,,,,,,,2000,75713.82,,1.154
368.0,Iraq,,,,,,,,6699.0,,,,,,,,,,,,,,,,,,,,,,1997,6699.0,,0.312
372.0,Ireland,590.43,597.62,602.12,602.76,599.52,600.02,609.57,608.34,617.45,597.33,573.53,574.55,570.6,594.63,556.19,543.27,541.78,515.18,507.06,492.9,482.8,481.5,493.48,506.91,518.67,531.61,547.15,559.68,559.4,2018,559.4,-5.26,0.116
376.0,Israel,,,,,,,3522.91,,,,3888.33,,,4966.04,5244.15,5529.92,5819.52,6045.47,6266.96,6388.36,6714.75,6727.1,6934.66,6963.98,7094.8,7109.29,7253.92,7307.25,7380.9,2018,7380.9,,0.881
380.0,Italy,1929.9,1965.06,1959.08,1971.34,1988.34,2013.03,2032.67,2054.56,2035.22,2034.16,2030.65,2034.75,1969.6,1977.85,1913.15,1933.13,1882.59,1910.54,1893.11,1891.69,1879.2,1822.78,1846.73,1790.83,1756.19,1755.34,1735.97,1746.32,1721.31,2018,1721.31,-10.81,0.028
388.0,Jamaica,,,,,1217.91,,,,,,,,,,,,818.58,834.96,840.84,857.22,847.35,,852.18,,,,,,,2012,852.18,,0.3
392.0,Japan,1776.74,1730.39,1764.75,1601.02,1736.46,1677.06,1628.87,1598.82,1524.31,1519.59,1519.28,1485.28,1457.45,1399.66,1441.0,1433.82,1410.55,1421.58,1409.59,1371.06,1391.34,1351.05,1316.16,1301.34,1275.48,1242.59,1229.45,1209.49,1194.2,2018,1194.2,-32.79,0.009
400.0,Jordan,,,,,8475.36,,,,,,2745.13,,,,,,3066.0,,,,,,,,,,,,,2006,3066.0,,0.512
398.0,Kazakhstan,4116.29,4012.73,3828.66,3466.41,2974.76,2589.79,2447.73,2462.57,2540.6,2467.62,2843.92,1469.3,1475.63,1643.64,1712.7,1696.37,1812.33,1878.69,1995.64,1944.76,2104.58,2141.78,2149.31,2202.78,2175.69,2114.33,2150.43,2208.47,2313.31,2018,2313.31,-43.8,0.126
404.0,Kenya,,,,,15537.09,16724.19,,,,,15669.57,,,,,18042.57,,,,,22185.66,,,,,,,,,2010,22185.66,,0.528
296.0,Kiribati,,,,,9.42,,,,,,,,,,,,2.49,2.62,2.14,,,,,,,,,,,2008,2.14,,0.022
414.0,Kuwait,,,,,2712.99,,,,,,,,,,,,,,,,,,,,,,2002.08,,,2016,2002.08,,0.506
417.0,Kyrgyzstan,5357.07,5335.68,4874.77,4242.95,3328.83,3112.98,2885.58,2878.9,2764.3,2798.33,2954.88,3101.27,3444.84,3719.42,4218.04,4478.7,4396.26,4423.89,4819.69,5021.84,4711.27,,,,,,,,,2010,4711.27,-12.06,0.869
418.0,Lao People's Democratic Republic,6414.45,,,,,,,,,,5344.29,,,,,,,,,,,,,,,,,,,2000,5344.29,-16.68,1.004
428.0,Latvia,143.8,141.98,122.36,93.59,86.78,86.4,84.99,83.72,80.26,74.94,74.9,78.33,77.32,73.92,72.71,74.68,72.8,74.76,73.32,74.14,71.65,69.71,71.37,72.25,74.15,70.2,71.23,72.53,69.34,2018,69.34,-51.78,0.036
422.0,Lebanon,,,,,1129.11,,,,,,1825.11,,,,,,,,,,,2873.64,2962.05,2030.14,,,,,,2013,2030.14,,0.343
426.0,Lesotho,,,,,970.41,,,,,,1257.06,,,,,,,,,,,,,,,,,,,2000,1257.06,,0.618
430.0,Liberia,,,,,,,,,,,4140.78,,,,,,,,,,,,,,,,,,,2000,4140.78,,1.454
438.0,Liechtenstein,0.77,0.77,0.75,0.72,0.72,0.72,0.73,0.72,0.72,0.69,0.67,0.71,0.72,0.72,0.73,0.75,0.78,0.79,0.79,0.79,0.76,0.78,0.8,0.76,0.74,0.74,0.74,0.72,0.73,2018,0.73,-5.58,0.019
440.0,Lithuania,280.24,271.82,237.09,207.1,186.72,177.41,174.26,174.69,170.03,160.02,154.44,151.47,153.58,155.86,156.64,156.38,156.36,154.89,152.27,148.38,147.37,140.96,141.32,138.62,138.87,136.98,133.3,131.08,122.57,2018,122.57,-56.26,0.044
442.0,Luxembourg,23.27,23.77,23.13,23.32,22.82,23.46,23.81,23.6,23.5,23.7,23.42,23.63,23.61,23.18,23.05,23.01,22.86,23.21,23.62,23.67,23.67,22.69,22.37,22.54,23.06,23.3,23.45,23.75,23.51,2018,23.51,1.03,0.039
450.0,Madagascar,,,,,7755.09,,,,,,6919.5,,,,,10489.5,11488.06,11493.12,10846.65,11003.31,11192.38,,,,,,,,,2010,11192.38,,0.529
454.0,Malawi,7043.61,,,,3945.48,,,,,,,,,,,,,,,,,,,,,,,,,1994,3945.48,-43.98,0.405
458.0,Malaysia,9964.91,26472.72,27866.28,31781.65,33588.63,35304.62,39159.75,42083.91,43813.9,46828.59,49116.56,50703.88,50966.26,51879.88,54653.11,58182.6,60520.05,61759.12,64087.67,63688.28,67342.39,67532.02,,,,,,,,2011,67532.02,577.7,2.357
462.0,Maldives,,,,,23.98,,,,,,,,,,,,,,,,,31.79,32.38,33.41,38.85,42.27,,,,2015,42.27,,0.093
466.0,Mali,,,,,,7157.18,,,,,8849.21,,,,,,,,,,13544.33,,,,,,,,,2010,13544.33,,0.9
470.0,Malta,4.21,4.48,4.76,5.05,5.29,5.48,5.76,6.03,6.29,6.57,6.99,7.18,7.45,7.73,8.11,8.56,8.87,9.11,5.89,6.48,7.22,6.73,6.66,6.25,6.9,7.28,7.63,7.63,7.99,2018,7.99,89.81,0.018
584.0,Marshall Islands,,,,,,,,,,,39.59,,,,,35.41,,,,,42.08,,,,,,,,,2010,42.08,,0.747
478.0,Mauritania,,,,,,3263.02,,,,,4146.73,,,,,,,,,,,,,,,,,,,2000,4146.73,,1.577
480.0,Mauritius,,,,,,193.2,,,,,1233.57,1350.03,1280.8,1318.59,1323.84,1322.46,1521.03,,,,,,,1545.81,,,,,,2013,1545.81,,1.231
484.0,Mexico,64211.08,66616.76,65846.65,70593.27,71188.43,71968.35,76624.43,80242.55,81662.31,78330.83,81058.94,79135.38,80602.79,82648.47,82079.56,83369.19,86937.02,92355.6,104725.95,103507.4,100276.5,100244.7,95150.11,94148.43,,,,,,2013,94148.43,46.62,0.792
583.0,Micronesia (Federated States of),,,,,7.12,,,,,,5.85,,,,,,,,,,,,,,,,,,,2000,5.85,,0.054
492.0,Monaco,0.09,0.08,0.08,0.06,0.05,0.05,0.05,0.04,0.05,0.05,0.06,0.05,0.05,0.05,0.06,0.07,0.08,0.07,0.08,0.04,0.05,0.05,0.05,0.05,0.05,0.05,0.05,0.05,0.05,2018,0.05,-39.32,0.001
496.0,Mongolia,5636.4,5508.3,5445.3,5279.4,5649.0,6079.5,6289.5,6583.5,6837.6,,,,,,,,6528.9,,,,,,,,,,,,,2006,6528.9,15.83,2.551
499.0,Montenegro,606.04,600.68,573.87,554.21,545.5,554.78,565.32,557.26,553.33,554.74,543.04,530.04,552.51,553.56,541.38,434.28,432.6,409.29,394.17,336.42,362.67,365.48,,,,,,,,2011,365.48,-39.69,0.585
504.0,Morocco,,,,,7350.0,,,,,,9086.49,,,,,,,,,,15135.56,,16452.45,,,,,,,2012,16452.45,,0.495
508.0,Mozambique,4983.93,,,,5657.15,,,,,,,,,,,,,,,,,,,,,,,,,1994,5657.15,13.51,0.378
104.0,Myanmar,,,,,,,,,,,23182.76,23651.81,23956.5,24542.5,25207.0,26584.6,,,,,,,,,,,,,,2005,26584.6,,0.543
516.0,Namibia,,,,,3546.06,,,,,,6757.8,,,,,,,,,,,,,,,,,,,2000,6757.8,,3.766
520.0,Nauru,,,,,7.27,,,,,,5.4,,,5.75,,,,5.01,,,4.16,,,,,,,,,2010,4.16,,0.415
524.0,Nepal,,,,,19917.87,,,,,,13666.59,,,,,,,,,,,,,,,,,,,2000,13666.59,,0.571
528.0,Netherlands,1273.89,1290.11,1274.56,1257.36,1216.76,1187.96,1160.37,1095.13,1065.66,1015.31,971.18,944.68,899.56,868.6,853.27,794.98,777.31,779.27,788.38,779.56,776.24,754.38,737.53,737.02,720.33,728.1,733.16,720.49,692.35,2018,692.35,-45.65,0.041
554.0,New Zealand,1291.5,1296.49,1281.53,1289.93,1323.77,1339.87,1363.85,1390.8,1368.62,1378.44,1413.65,1428.94,1421.23,1426.54,1425.28,1434.28,1442.9,1405.3,1364.68,1371.45,1372.8,1377.58,1396.0,1399.32,1409.06,1388.3,1370.48,1370.2,1371.45,2018,1371.45,6.19,0.289
558.0,Nicaragua,,,,,4129.86,,,,,,4269.32,,,,,,,,,,,,,,,,,,,2000,4269.32,,0.842
562.0,Niger,3436.34,,,,,,,,,,6762.0,,,,,,,,11550.0,,,,,,,,,,,2008,11550.0,236.11,0.757
566.0,Nigeria,,,,,124155.28,,,,,,88179.0,,,,,,,,,,,,,,,,,,,2000,88179.0,,0.721
570.0,Niue,,,,,0.01,,,,,,0.0,,,,,0.0,0.0,0.0,0.0,21.0,,,,,,,,,,2009,21.0,,12.949
807.0,North Macedonia,1718.01,1702.17,1725.23,1735.54,1682.99,1695.67,1663.52,1666.16,1626.06,1608.99,1643.18,1639.95,1619.42,1694.56,1709.67,1661.84,1700.08,1642.74,1698.9,1655.86,,,,,,,,,,2009,1655.86,-3.62,0.8
578.0,Norway,241.28,239.1,242.06,247.1,250.39,248.4,250.21,250.98,242.99,238.64,239.02,238.66,233.67,232.56,227.92,222.06,216.19,219.51,213.66,215.34,215.59,209.48,208.49,205.87,203.51,202.21,197.98,194.69,192.18,2018,192.18,-20.35,0.036
512.0,Oman,,,,,2607.09,,,,,,,,,,,,,,,,,,,,,,,,,1994,2607.09,,1.213
585.0,Palau,,,,,12.52,13.57,26.11,78.91,164.92,40.77,4.32,,,,,4.56,,,,,,,,,,,,,,2005,4.56,,0.231
591.0,Panama,,,,,3584.07,,,,,,3153.15,,,,,,,,,,,,,,,,,,,2000,3153.15,,1.041
598.0,Papua New Guinea,,,,,89.67,,,,,,1177.47,,,,,,,,,,,,,,,,,,,2000,1177.47,,0.201
600.0,Paraguay,16922.95,,,,13071.45,,,,,,11475.03,,,,,14269.71,,,,,,18812.43,19272.33,,,,,,,2012,19272.33,13.88,3.001
604.0,Peru,,,,,13394.64,,,,,,20013.0,,,,,,,,,,21863.13,,22157.0,,,,,,,2012,22157.0,,0.751
608.0,Philippines,,,,,28931.91,,,,,,31797.57,,,,,,,,,,,,,,,,,,,2000,31797.57,,0.408
616.0,Poland,2791.88,2596.41,2524.18,2448.73,2418.72,2358.98,2324.27,2313.32,2228.43,2179.31,2123.87,2194.7,2130.63,2134.79,2123.03,2139.04,2147.65,2113.2,2106.08,2053.54,2046.25,1999.69,1989.74,1995.17,1969.88,1992.23,1970.84,1969.51,1950.13,2018,1950.13,-30.15,0.051
620.0,Portugal,383.61,388.5,390.48,392.83,397.97,404.25,411.66,419.39,427.45,436.92,444.85,444.58,445.09,445.21,445.39,442.69,438.7,430.65,421.27,414.08,406.14,401.99,392.26,382.66,377.42,368.8,365.69,366.73,365.06,2018,365.06,-4.84,0.036
634.0,Qatar,,,,,,,,,,,,,,,,,,3529.34,,,,,,,,,,,,2007,3529.34,,2.897
410.0,Republic of Korea,30300.9,30205.14,29596.98,29031.66,29016.33,28631.61,28968.87,29167.74,27909.84,27573.0,27539.4,27836.34,27971.37,27944.28,27013.98,26943.0,26881.26,26538.75,26482.47,26481.84,26902.68,26582.01,26546.52,26507.25,26032.44,25988.34,25993.59,,,2016,25993.59,-14.22,0.51
498.0,Republic of Moldova,4872.37,4723.61,4585.21,4317.9,4192.05,3953.43,3813.98,3406.52,3249.25,3041.84,2913.84,2846.19,2844.41,2764.02,2723.28,2755.51,2664.37,2585.99,2648.82,2633.2,2702.71,2733.55,2693.29,2693.7,,,,,,2013,2693.7,-44.71,0.661
642.0,Romania,2400.7,2053.34,1887.9,1820.46,1805.59,1843.92,1836.65,1992.59,1891.75,1834.66,1453.18,1394.66,1490.61,1540.35,1484.41,1506.48,1482.22,1444.34,1407.33,1338.49,1241.47,1207.96,1227.76,1206.34,1201.07,1181.77,1160.47,1148.26,1127.35,2018,1127.35,-53.04,0.058
643.0,Russian Federation,18549.43,17644.54,16514.65,15779.66,14696.56,14055.37,13502.88,13010.52,12527.89,12491.63,12680.6,12946.2,12982.81,13472.68,13738.63,13857.05,14116.86,14255.97,14393.24,13494.73,14077.99,14405.47,14587.07,14583.82,14543.97,14520.47,14675.23,15355.99,15841.35,2018,15841.35,-14.6,0.109
646.0,Rwanda,,,,,,,,,,,,,1261.07,,,1508.12,,,,,,,,,,,,,,2005,1508.12,,0.171
659.0,Saint Kitts and Nevis,,,,,59.48,,,,,,,,,,,,,,,,,,,,,,,,,1994,59.48,,1.429
662.0,Saint Lucia,,,,,595.78,,,,,,80.23,,,,,84.71,,,,,87.78,,,,,,,,,2010,87.78,,0.504
670.0,Saint Vincent and the Grenadines,62.11,,,,62.29,,,64.38,,,66.8,,,,66.78,,,,,,,,,,,,,,,2004,66.78,7.52,0.615
882.0,Samoa,,,,,69.38,,,,,,,,,,,,,,,,,,,,,,,,,1994,69.38,,0.411
674.0,San Marino,,,,,,,,,,,,,,,,,,3.4,,,2.78,,,,,,,,,2010,2.78,,0.089
678.0,Sao Tome and Principe,,,,,,,,,,,,,,,,,,,,,,,21.34,,,,,,,2012,21.34,,0.113
682.0,Saudi Arabia,16526.99,,,,,,,,,,27551.81,,,,,,,,,,43401.23,,37360.05,,,,,,,2012,37360.05,126.05,1.281
686.0,Senegal,,,,,,,,,,,6475.48,,,,,6224.4,,,,,,,,,,,,,,2005,6224.4,,0.561
688.0,Serbia,9081.66,,,,,,,,8914.71,,,,,,,,,,,,,,,,,,,,,1998,8914.71,-1.84,0.92
690.0,Seychelles,,,,,,47.29,,,,,57.6,,,,,,,,,,,,,,,,,,,2000,57.6,,0.711
702.0,Singapore,,,,,,,,,,,111.72,,,,,,,,,,113.9,,86.73,,,,,,,2012,86.73,,0.016
703.0,Slovakia,290.2,278.3,252.95,243.11,235.37,236.95,233.61,225.69,223.23,222.12,212.76,207.95,204.63,199.1,202.87,204.27,197.42,195.01,198.02,188.14,191.91,194.5,179.22,184.17,173.67,181.24,183.16,184.65,177.68,2018,177.68,-38.77,0.033
705.0,Slovenia,101.76,97.94,98.62,94.23,94.0,95.08,93.39,94.01,96.1,96.2,99.94,99.01,101.88,100.35,98.3,97.27,95.13,96.18,91.34,87.57,86.31,85.98,84.14,81.91,77.87,80.14,81.66,79.78,77.45,2018,77.45,-23.89,0.037
90.0,Solomon Islands,,,,,,,,,,,201.6,,,,,,,,,,,,,,,,,,,2000,201.6,,0.489
710.0,South Africa,43114.89,,,,43206.03,,,,,,,,,,,,,,,,,,,,,,,,,1994,43206.03,0.21,1.065
728.0,South Sudan,,,,,,,,,,,,,,,,,,,,,,,15276.09,15751.34,16178.25,16374.71,,,,2015,16374.71,,1.528
724.0,Spain,1424.37,1378.94,1407.05,1401.92,1448.69,1481.77,1552.9,1586.55,1606.77,1651.29,1710.73,1726.56,1732.34,1749.11,1728.95,1690.78,1662.7,1696.35,1636.89,1694.98,1620.99,1625.59,1577.67,1539.59,1516.33,1567.59,1566.01,1583.45,1588.89,2018,1588.89,11.55,0.034
144.0,Sri Lanka,,,,16107.0,16022.63,16044.0,,,,,6802.53,,,,,,,,,,,,,,,,,,,2000,6802.53,,0.362
275.0,State of Palestine,,,,,,,,,,,,,,,,,,,,,,802.64,,,,,,,,2011,802.64,,0.193
729.0,Sudan,,,,,,39774.0,,,,,43986.6,,,,,,,,,,,,,,,,,,,2000,43986.6,,1.613
740.0,Suriname,,,,,,,,,,,,,,861.0,,,,,,,,,,,,,,,,2003,861.0,,1.765
752.0,Sweden,296.75,296.6,302.0,301.04,298.57,294.68,295.03,292.23,287.93,279.94,273.33,270.42,260.55,252.16,253.21,245.62,241.08,230.6,219.71,213.53,208.66,202.64,195.98,193.13,188.07,183.82,180.44,178.82,175.22,2018,175.22,-40.95,0.018
756.0,Switzerland,241.76,238.92,235.61,231.23,229.2,229.17,226.73,220.78,217.94,214.49,212.26,213.91,212.13,208.92,207.55,208.15,208.81,208.1,210.92,207.24,206.17,203.97,202.83,200.27,200.14,198.96,197.21,194.74,193.6,2018,193.6,-19.92,0.023
762.0,Tajikistan,3696.0,3738.0,3420.9,3402.0,2919.0,2688.0,2520.0,2436.0,2352.0,2268.0,2352.0,2352.0,2415.0,2562.0,2604.0,2751.0,2814.0,2919.0,3297.0,3465.0,3486.0,,,,,,,,,2010,3486.0,-5.68,0.463
764.0,Thailand,,,,,65346.81,,,,,,,,,,,,,,,,,,,59520.09,,,,,,2013,59520.09,,0.873
626.0,Timor-Leste,,,,,,,,,,,,,,,,,,,,,548.57,,,,,,,,,2010,548.57,,0.502
768.0,Togo,,,794.64,820.05,864.36,934.58,936.18,991.2,1115.31,,1108.59,,,,,1362.9,,,,,,,,,,,,,,2005,1362.9,,0.243
776.0,Tonga,,,,,105.84,,,,,,94.36,,,,,,36.27,,,,,,,,,,,,,2006,36.27,,0.357
780.0,Trinidad and Tobago,686.55,,,,,,,,,,,,,,,,,,,,,,,,,,,,,1990,686.55,,0.562
788.0,Tunisia,,,,,3783.15,,,,,,5811.96,,,,,,,,,,,,,,,,,,,2000,5811.96,,0.599
792.0,Turkey,1696.2,1731.41,1727.72,1718.63,1707.35,1700.12,1714.18,1684.87,1692.51,1747.08,1742.3,1711.8,1634.41,1714.58,1739.57,1806.23,1863.56,1959.27,1995.64,1983.63,2052.77,2147.78,2283.68,2218.76,2292.19,2054.39,2154.33,2169.25,2303.04,2018,2303.04,35.78,0.028
795.0,Turkmenistan,,,,,18794.55,,,,,,24239.76,,,,33262.95,,,,,,27398.95,,,,,,,,,2010,27398.95,,5.386
798.0,Tuvalu,,,,,0.91,,,,,,,,,,,,,,,,,,,,2.28,,,,,2014,2.28,,0.207
800.0,Uganda,,,,,26652.09,,,,,,9464.28,,,,,,,,,,,,,,,,,,,2000,9464.28,,0.4
804.0,Ukraine,7302.91,6987.77,6670.46,6332.76,5955.37,5545.95,5387.04,5175.34,5026.66,5076.97,4718.11,4660.07,4362.12,4387.22,4261.17,4097.84,4003.52,3996.27,3729.29,3406.46,3382.71,3440.41,3219.3,3007.42,2750.36,2449.44,2639.76,2546.15,2700.8,2018,2700.8,-63.02,0.061
784.0,United Arab Emirates,,,,,11627.7,,,,,,20958.0,,,,,29925.0,,,,,,,,,10543.89,,,,,2014,10543.89,,1.144
826.0,United Kingdom of Great Britain and Northern Ireland,5322.42,5352.46,5339.63,5276.15,5000.29,5060.88,5025.76,4933.52,4792.53,4570.19,4361.47,4165.55,4067.54,3860.17,3685.93,3494.65,3317.09,3161.71,2938.1,2756.59,2569.7,2462.37,2401.75,2242.04,2157.23,2124.96,2061.65,2078.63,2077.45,2018,2077.45,-60.97,0.031
834.0,United Republic of Tanzania,20656.83,,,,21634.92,,,,,,,,,,,,,,,,,,,,,,,,,1994,21634.92,4.73,0.751
840.0,United States of America,30976.38,31154.42,31110.16,30638.51,30886.43,30599.92,30305.22,29673.34,29067.99,28354.43,28120.44,27826.02,27536.73,27521.25,27268.75,27182.48,27358.15,27426.78,27667.68,27207.91,27293.45,26250.82,25873.21,25698.3,25560.44,25539.31,24969.79,25212.18,25378.29,2018,25378.29,-18.07,0.078
858.0,Uruguay,14506.8,,,,16029.3,,,,15735.05,,15283.8,,16221.2,,16514.4,,17011.49,,17323.95,,16146.9,,15720.6,,16240.27,,16588.93,16519.47,,2017,16519.47,13.87,4.807
860.0,Uzbekistan,54188.2,56499.3,56664.1,83492.1,70252.0,71728.6,73620.4,65875.2,62435.3,67279.32,78678.3,81563.21,82604.06,84431.25,83649.54,85929.46,99022.43,99973.06,104570.97,89998.81,86974.71,87895.9,88442.5,,,,,,,2012,88442.5,63.21,3.003
548.0,Vanuatu,,,,,235.21,,,,,,336.84,,,,,,,,,,,,,,,,,,,2000,336.84,,1.821
862.0,Venezuela (Bolivarian Republic of),,,,,,,,,,61921.44,,,,,,,,,,,,,,,,,,,,1999,61921.44,,2.608
704.0,Viet Nam,,,,,48893.94,,,,,,63499.59,,,,,,,,,,87316.17,,,84859.32,,,,,,2013,84859.32,,0.935
887.0,Yemen,,,,,,2694.3,,,,,4424.49,,,,,,,,,,7008.75,,7714.83,,,,,,,2012,7714.83,,0.315
894.0,Zambia,,,,,10704.65,,,,,,6567.04,,,,,,,,,,,,,,,,,,,2000,6567.04,,0.63
716.0,Zimbabwe,,,,,7523.49,,,,,,7476.0,,,,,,5363.8,,,,,,,,,,,,,2006,5363.8,,0.441
