Country ID,Country,1990,1991,1992,1993,1994,1995,1996,1997,1998,1999,2000,2001,2002,2003,2004,2005,2006,2007,2008,2009,2010,2011,2012,2013,2014,2015,2016,2017,2018,Latest Year Available,"GHG total without LULUCF, latest year",% change since 1990,"Emissions, pc last year"
4.0,Afghanistan,,,,,,,,,,,,,,,,19328.02,,,,,,,,43377.0,,,,,,2013,43377.0,,1.34
8.0,Albania,4341.63,6486.66,4581.28,4588.0,4906.36,4883.76,4998.58,5107.07,5830.67,6303.45,5775.17,6454.8,6471.21,6827.43,7192.71,7131.13,7183.33,7551.47,7630.94,8125.7,,,,,,,,,,2009,8125.7,87.16,2.73
12.0,Algeria,,,,,91758.0,,,,,,111022.59,,,,,,,,,,,,,,,,,,,2000,111022.59,,3.58
24.0,Angola,,,,,,,,,,,46188.93,,,,,61610.76,,,,,,,,,,,,,,2005,61610.76,,3.17
28.0,Antigua and Barbuda,388.63,,,,,,,,,,597.75,,,,,,,,,,,,,,,,,,,2000,597.75,53.81,7.86
32.0,Argentina,231057.28,,,,257522.43,,,270910.29,,,282000.76,,,,,,,,,,332498.16,,338963.35,,,,,,,2012,338963.35,46.7,8.12
51.0,Armenia,24954.83,,,,,,,,,,5525.91,,,,,,7021.64,,,,7202.17,,,,,,,,,2010,7202.17,-71.14,2.5
36.0,Australia,424998.38,426015.21,430216.38,430612.56,430653.33,439004.9,446681.85,458841.6,472629.67,478199.84,489373.84,496982.31,500807.89,502301.78,520315.18,526206.97,530787.99,536888.6,540669.0,544285.46,540571.41,542511.92,544732.76,535006.81,530411.02,538618.78,548862.55,556612.27,558047.22,2018,558047.22,31.31,22.41
40.0,Austria,78492.61,82157.14,75524.0,75771.05,76016.83,79382.99,82605.5,82175.96,81511.96,79931.07,80261.99,84151.51,85906.92,91545.24,91139.81,92427.27,90022.83,87337.77,86747.76,80163.13,84612.84,82286.89,79528.79,79971.98,76346.01,78509.78,79467.29,82023.36,78950.34,2018,78950.34,0.58,8.88
31.0,Azerbaijan,73385.78,66568.96,57604.85,50842.94,45065.06,47539.94,40316.85,39318.38,38821.97,39090.76,40624.5,40828.82,40779.79,43684.26,46259.96,49322.49,49235.65,46944.33,53779.54,48281.83,48048.28,49128.55,51803.95,57994.77,,,,,,2013,57994.77,-20.97,6.18
44.0,Bahamas,1915.2,,,,2197.2,,,,,,724.58,,,,,,,,,,,,,,,,,,,2000,724.58,-62.17,2.43
48.0,Bahrain,,,,,19598.96,,,,,,22372.8,,,,,,,,,,,,,,,,,,,2000,22372.8,,33.66
50.0,Bangladesh,,,,,45926.15,,,,,,,84906.86,,,,99442.24,,,,,,,,,,,,,,2005,99442.24,,0.72
52.0,Barbados,3276.39,,,,3750.5,,,4056.44,,,1516.0,1435.0,1544.0,1544.0,1594.0,1643.0,1673.0,1773.0,1865.0,1921.0,1979.0,,,,,,,,,2010,1979.0,-39.6,7.01
112.0,Belarus,137766.41,129185.87,118221.92,105280.61,88379.27,81851.22,83443.71,84415.87,85898.56,79655.96,79588.94,79623.44,78345.45,80496.12,85276.39,86694.06,90609.15,90175.18,93988.59,90091.83,92278.15,91896.01,92826.79,93891.18,93037.12,88445.26,90043.58,91112.5,91992.61,2018,91992.61,-33.23,9.73
56.0,Belgium,146410.76,149137.37,148737.28,147741.14,152361.11,154495.96,158184.69,149720.79,154897.83,148647.76,149704.63,148114.45,148157.11,148419.33,149273.6,146251.99,143391.88,139789.97,139699.33,127051.68,134315.86,123782.51,120922.5,120949.31,115215.77,119418.39,118172.44,118005.1,118455.74,2018,118455.74,-19.09,10.32
84.0,Belize,,,,,6335.01,,,,,,11779.02,,,1277.13,,,1302.15,,,1202.82,,,,,,,,,,2009,1202.82,,3.82
204.0,Benin,,,,,,39347.62,,,,,6251.03,,,,,,,,,,,,,,,,,,,2000,6251.03,,0.91
64.0,Bhutan,,,,,1292.59,,,,,,1555.9,,,,,,,,,,,,,,,,,,,2000,1555.9,,2.63
68.0,Bolivia (Plurinational State of),15323.57,,,,20693.76,,,,48078.28,,42969.19,,30844.61,,43665.1,,,,,,,,,,,,,,,2004,43665.1,184.95,4.81
70.0,Bosnia and Herzegovina,34043.49,30796.73,10566.84,4009.57,4473.75,4457.51,7389.56,10243.55,14224.54,14598.5,15249.48,16118.46,16080.08,16436.75,17451.84,16461.55,18721.69,18788.5,20379.4,23782.87,25740.2,28107.84,21816.44,24029.0,25740.0,,,,,2014,25740.0,-24.39,7.39
72.0,Botswana,,,,,9291.74,,,,,,6139.54,,,,,,,,,,,,,,,23977.58,,,,2015,23977.58,,11.31
76.0,Brazil,549508.95,571124.5,579937.39,592150.01,610399.21,636112.07,642566.41,667841.99,686733.41,702806.13,726356.22,745108.42,761523.8,779225.0,814206.76,829852.13,835405.2,840726.07,868919.21,855372.9,917073.32,953766.85,983403.27,1023745.34,1051252.38,1026660.5,,,,2015,1026660.5,86.83,5.02
96.0,Brunei Darussalam,,,,,,,,,,,,,,,,,,,,,9488.83,,,,,,,,,2010,9488.83,,24.42
100.0,Bulgaria,101794.34,83349.88,77727.07,76742.25,73107.41,74614.54,74782.9,71967.78,67955.96,60709.3,59580.03,62640.66,59963.84,64510.04,63592.41,64117.73,64678.35,68555.8,67142.57,58154.08,60726.73,65995.81,60940.95,55666.99,58679.25,61920.68,59345.03,61682.76,57815.59,2018,57815.59,-43.2,8.2
854.0,Burkina Faso,,,,,5968.24,,,,,,,,,,,,,20413.01,,,,,,,,,,,,2007,20413.01,,1.43
108.0,Burundi,,,,,,,,,1995.44,,,,,,,1480.91,,,,,1939.17,,,,,1707.29,,,,2015,1707.29,,0.17
132.0,Cabo Verde,,,,,,292.92,,,,,447.66,,,,,,,,,,,,,,,,,,,2000,447.66,,1.05
116.0,Cambodia,,,,,12762.59,,,,,,24109.09,,,,,,,,,,,,,,,,,,,2000,24109.09,,1.98
120.0,Cameroon,,,,,165725.02,,,,,,28939.0,,,,,,,,,,,,,,,,,,,2000,28939.0,,1.87
124.0,Canada,603221.87,594872.98,612470.51,615048.51,636374.33,653057.98,674575.22,686114.63,693059.08,707363.77,730681.59,719697.17,723948.36,740245.8,741584.48,729747.17,720516.11,742313.66,722567.97,680493.57,690530.62,702412.98,710108.3,720877.45,721353.74,720380.18,706196.41,713838.21,729349.27,2018,729349.27,20.91,19.67
140.0,Central African Republic,,,,,37737.0,,,,,,,,,32263.41,32278.75,32295.57,9756.02,9777.2,9782.46,5201.63,5225.25,,,,,,,,,2010,5225.25,,1.19
148.0,Chad,,,,8021.11,,,,,24245.39,23065.11,22880.45,24406.47,22584.31,25714.0,,,,,,,,,,,,,,,,2003,25714.0,,2.74
152.0,Chile,49990.2,,,50171.86,56201.6,,,,,,74101.41,,,,,,78955.19,,,,89416.32,,,101480.59,,,108800.02,,,2016,108800.02,117.64,5.98
156.0,China,,,,,4057617.0,,,,,,,,,,,8015000.0,,,,,10543331.0,,11895765.0,,12300200.0,,,,,2014,12300200.0,,8.79
170.0,Colombia,118729.57,,,,137475.64,,,,,,147282.17,,,,153884.77,,,,,,,,,,,,,,,2004,153884.77,29.61,3.66
174.0,Comoros,,,,,512.13,,,,,,285.05,,,,,,,,,,,,,,,,,,,2000,285.05,,0.53
178.0,Congo,,,,,1374.69,,,,,,2065.05,,,,,,,,,,,,,,,,,,,2000,2065.05,,0.66
184.0,Cook Islands,,,,,80.3,,,,,,,,,,,,,,,,,,,,,,,,,1994,80.3,,4.21
188.0,Costa Rica,6091.36,,,,,,10794.44,,,,11033.31,,,,,12114.03,,,,,,,,,,,,,,2005,12114.03,98.87,2.83
384.0,Côte d’Ivoire,,,,,24726.54,,,,,,271197.46,,,,,,,,,,,,,,,,,,,2000,271197.46,,16.48
191.0,Croatia,31875.85,25034.42,23037.6,23009.78,22116.19,22739.43,23288.23,24534.4,24923.52,26053.24,25708.82,26894.15,28007.78,29468.13,29465.49,29920.38,30299.87,31726.83,30822.85,28468.42,28033.73,27707.92,25887.46,24463.77,23697.28,24125.31,24275.34,25032.08,23792.8,2018,23792.8,-25.36,5.72
192.0,Cuba,47641.49,,33265.77,,32590.16,,37331.09,,39023.34,,37697.2,,36296.71,,,,,,,,,,,,,,,,,2002,36296.71,-23.81,3.24
196.0,Cyprus,5690.44,6207.65,6662.69,6944.99,7204.88,7143.86,7490.33,7581.99,7909.48,8187.1,8457.56,8401.04,8634.01,9023.85,9235.4,9390.6,9600.37,9943.99,10094.96,9849.21,9518.12,9167.14,8631.48,7915.92,8291.26,8345.5,8794.1,8974.4,8811.61,2018,8811.61,54.85,7.41
203.0,Czechia,197202.55,178986.52,172533.93,164898.96,157406.67,156526.03,159559.05,154994.17,148844.49,139281.76,149457.61,149497.29,145776.8,148967.36,150048.22,147905.91,149080.89,150918.18,146084.37,137219.22,139900.21,138359.07,134202.23,128984.26,126856.68,128303.74,130134.22,129059.0,127449.6,2018,127449.6,-35.37,11.95
408.0,Democratic People's Republic of Korea,207544.0,,,,157529.0,,,,,,81892.0,,87330.0,,,,,,,,,,,,,,,,,2002,87330.0,-57.92,3.74
180.0,Democratic Republic of the Congo,,,,,44641.58,,,,,48207.0,46749.16,46007.38,45914.01,45998.98,,,,,,,,,,,,,,,,2003,45998.98,,0.89
208.0,Denmark,71000.02,81630.67,75643.54,77804.11,81684.72,78731.96,91922.97,82464.94,78486.88,76046.63,71773.41,73508.24,72974.28,78060.17,71947.75,67541.34,75268.34,70696.82,67108.81,64354.79,64654.77,59421.5,54837.72,56561.6,52361.36,49742.09,51798.27,49678.02,49694.48,2018,49694.48,-30.01,8.64
262.0,Djibouti,,,,,510.76,,,,,,1071.81,,,,,,,,,,,,,,,,,,,2000,1071.81,,1.49
212.0,Dominica,,,,,152.19,,,,,,173.9,184.38,177.34,176.8,167.21,181.89,172.36,179.21,174.07,184.52,192.54,206.3,211.4,213.31,219.71,222.64,222.29,211.53,,2017,211.53,,2.96
214.0,Dominican Republic,12640.92,,,,20441.8,,,,23749.48,,26433.24,,,,,,,,,,25230.77,,,,,,,,,2010,25230.77,99.6,2.6
218.0,Ecuador,178646.8,,,,33494.53,,,,,,37033.73,,,,,,48201.19,,,,56333.13,,60191.63,,,,,,,2012,60191.63,-66.31,3.89
818.0,Egypt,116739.56,,,,,,,,,,193237.58,,,,,241631.56,,,,,,,,,,,,,,2005,241631.56,106.98,3.2
222.0,El Salvador,,,,,11716.71,,,,,,,,,,,11069.0,,,,,,,,,,,,,,2005,11069.0,,1.83
232.0,Eritrea,,,,,4167.71,833.29,928.01,855.1,708.82,758.47,3934.0,,,,,,,,,,,,,,,,,,,2000,3934.0,,1.72
233.0,Estonia,40277.31,37156.12,27157.9,21206.14,21900.77,20109.1,20797.26,20423.99,18916.39,17585.33,17246.55,17619.03,17067.92,18971.86,19305.7,19012.24,18295.81,22023.1,19872.67,16519.6,21019.06,21058.29,19966.95,21848.04,21056.79,18109.74,19640.42,20923.49,19974.14,2018,19974.14,-50.41,15.1
748.0,Eswatini,,,,,7538.68,,,,,,,,,,,,,,,,,,,,,,,,,1994,7538.68,,8.31
231.0,Ethiopia,43018.0,44607.0,43683.0,44095.0,45525.57,45164.66,47441.01,68313.47,69184.28,69450.89,67907.18,71058.02,78599.97,78329.96,81163.65,62776.98,72297.33,74642.46,83531.34,86741.5,92482.99,90195.1,94222.52,94995.96,,,,,,2013,94995.96,120.83,1.0
242.0,Fiji,,,,,1391.33,,,,,,,,,,2710.07,,,,,,,,,,,,,,,2004,2710.07,,3.31
246.0,Finland,71065.26,68854.17,67416.61,69684.06,75215.37,71656.56,77633.33,76321.12,72626.36,72016.77,70145.35,75475.58,77909.24,85532.07,81839.01,69837.08,81207.9,79544.79,71452.38,67834.7,75649.74,67899.41,62419.24,62856.36,58700.07,55086.25,58039.64,55336.72,56359.07,2018,56359.07,-20.69,10.21
250.0,France,551404.78,578699.48,566925.42,544411.47,538971.27,546666.86,564234.85,557026.92,570706.96,562824.23,556689.81,561632.97,555016.01,559892.55,558006.76,559561.38,547350.92,536920.91,529131.49,510222.31,516993.59,488626.08,489044.21,490340.67,460180.56,464049.06,465667.52,470593.2,452209.68,2018,452209.68,-17.99,6.96
266.0,Gabon,,,,,6524.33,,,,,,6159.55,,,,,,,,,,,,,,,,,,,2000,6159.55,,5.01
270.0,Gambia,,,,4257.81,,,,,,,19383.19,,,,,,,,,,,,,,,,,,,2000,19383.19,,14.71
268.0,Georgia,38688.05,36347.18,23622.48,14600.33,10689.9,8539.54,11746.65,9167.12,,,10620.63,10018.09,9844.42,10428.84,11139.53,11408.13,13768.41,14424.61,13770.38,13052.95,12877.32,15947.92,17159.07,16610.14,,,,,,2013,16610.14,-57.07,4.1
276.0,Germany,1249458.56,1202408.48,1152233.12,1143321.08,1124269.24,1121370.24,1139309.8,1104200.14,1078910.26,1045140.62,1043426.39,1058627.88,1037293.21,1034945.73,1018676.23,993198.75,1000519.9,973838.74,976672.15,909260.14,942338.0,919434.65,924147.41,941570.26,902388.74,906320.05,909052.47,894296.28,858368.68,2018,858368.68,-31.3,10.33
288.0,Ghana,9228.17,8794.78,9210.57,9576.36,9758.88,10126.71,10778.95,11671.36,11819.09,12651.88,14302.41,14347.54,15047.29,15698.35,15386.25,16217.13,18227.04,,,,,,,,,,,,,2006,18227.04,97.52,0.81
300.0,Greece,103308.91,103363.79,104609.04,104210.52,106996.16,109332.94,112478.84,117379.08,122976.55,123133.87,126492.93,127546.73,127561.99,131300.83,131982.9,136446.5,132540.1,135170.74,131846.08,124640.14,118522.25,115593.36,112326.85,102705.1,99276.89,95482.14,91839.59,95585.97,92221.66,2018,92221.66,-10.73,8.76
308.0,Grenada,,,,,1606.47,,,,,,,,,,,,,,,,,,,,,,,,,1994,1606.47,,16.17
320.0,Guatemala,14742.18,,,,17577.53,,,,,,19869.48,,,,,22948.27,,,,,,,,,,,,,,2005,22948.27,55.66,1.75
324.0,Guinea,,,,,5057.64,,,,,,47713.0,,,,,,,,,,,,,,,,,,,2000,47713.0,,5.79
624.0,Guinea-Bissau,,,,,1693.96,,,,,,,,,,,,2150.28,,,,13064.99,,,,,,,,,2010,13064.99,,8.58
328.0,Guyana,2553.23,2563.73,2570.03,2584.73,2587.46,2561.8,2690.23,2872.56,2896.46,2996.83,2845.66,3305.84,2666.82,2923.23,2891.31,,,,,,,,,,,,,,,2004,2891.31,13.24,3.88
332.0,Haiti,,,,,4066.67,5361.73,6116.9,6432.88,6495.03,6742.03,6683.12,,,,,,,,,,,,,,,,,,,2000,6683.12,,0.79
340.0,Honduras,,,,,,10825.89,,,,,10298.1,,,,,13185.67,,,,,,,,,,15977.15,,,,2015,15977.15,,1.75
348.0,Hungary,93950.88,87286.6,77236.19,78119.02,76973.33,75352.36,77569.03,76028.72,75560.09,76110.41,73234.56,75218.53,73535.06,76488.13,75630.98,75386.68,74139.16,72456.79,70519.93,64481.6,64856.75,63239.46,59569.73,56763.15,57391.17,60797.34,61257.34,63781.35,63219.56,2018,63219.56,-32.71,6.51
352.0,Iceland,3732.87,3516.77,3428.21,3516.12,3434.54,3551.04,3609.56,3776.82,3922.02,4147.96,4171.05,4061.52,4153.12,4112.7,4211.34,4059.46,4648.29,4947.06,5342.91,5005.6,4928.92,4680.96,4683.54,4688.54,4722.1,4799.81,4754.6,4835.51,4856.95,2018,4856.95,30.11,14.42
356.0,India,,,,,1214248.0,,,,,,1523766.56,,,,,,,,,,2100849.73,,,,,,,,,2010,2100849.73,,1.7
360.0,Indonesia,266818.39,292610.4,306828.59,318657.49,334191.21,,,,,,554333.48,,,,,,,,,,,,,,,,,,,2000,554333.48,107.76,2.62
364.0,Iran (Islamic Republic of),,,,,385433.3,,,,,,483669.17,,,,,,,,,,,,,,,,,,,2000,483669.17,,7.37
368.0,Iraq,,,,,,,,72658.0,,,,,,,,,,,,,,,,,,,,,,1997,72658.0,,3.39
372.0,Ireland,55468.3,56146.92,56013.36,56416.31,57760.82,59164.25,61234.15,62565.16,65031.48,66174.54,68314.28,70221.21,68244.22,68550.02,67990.21,69702.11,68825.59,68042.03,67490.64,61736.43,61277.54,57156.86,57752.7,57589.73,57325.32,59415.93,61491.44,61004.88,60934.54,2018,60934.54,9.85,12.65
376.0,Israel,,,,,,,57653.4,,,,67162.86,,,69900.28,70223.7,70784.48,72125.21,75367.21,76733.41,72892.51,75738.28,77881.67,83821.96,78272.45,76032.39,79163.87,79049.45,78034.61,78697.77,2018,78697.77,,9.39
380.0,Italy,516051.74,517107.0,516117.31,509104.9,503368.55,529435.48,523538.23,531260.38,543481.19,548740.28,552474.43,554029.53,560213.53,579418.02,585375.66,586529.47,576602.67,569689.77,557101.8,502603.75,513756.38,501288.05,482361.63,447072.72,426491.71,439431.75,436088.45,431324.46,427529.02,2018,427529.02,-17.15,7.05
388.0,Jamaica,,,,,116314.2,,,,,,,,,,,,15966.0,15762.05,18465.11,15533.79,14866.26,,14918.49,,,,,,,2012,14918.49,,5.25
392.0,Japan,1270039.97,1284001.18,1296664.52,1289105.6,1353440.83,1374505.1,1386969.52,1379301.65,1330779.96,1354370.0,1374774.03,1349333.28,1373167.46,1379116.92,1371688.86,1378770.81,1357162.21,1393190.47,1321204.29,1248422.29,1302549.97,1353603.93,1396323.77,1407809.07,1358344.55,1319800.19,1302842.08,1289239.53,1238342.71,2018,1238342.71,-2.5,9.74
400.0,Jordan,,,,,21943.44,,,,,,19401.93,,,,,,27752.0,,,,,,,,,,,,,2006,27752.0,,4.63
398.0,Kazakhstan,401871.42,388981.94,360142.31,322478.57,274206.46,255808.65,237527.36,230633.86,228926.65,203735.18,238979.34,198340.6,216042.5,237980.28,248963.98,262116.25,284307.53,292204.62,295595.6,289196.42,320259.32,311437.82,317589.18,326985.99,351113.73,359580.68,360520.71,381931.52,396570.47,2018,396570.47,-1.32,21.65
404.0,Kenya,,,,,21466.23,34868.51,,,,,34213.05,,,,,39765.16,,,,,49964.09,,,,,,,,,2010,49964.09,,1.19
296.0,Kiribati,,,,,27.97,,,,,,,,,,29.66,31.23,256.41,271.21,170.31,,,,,,,,,,,2008,170.31,,1.72
414.0,Kuwait,,,,,32373.39,,,,,,,,,,,,,,,,,,,,,,86336.98,,,2016,86336.98,,21.82
417.0,Kyrgyzstan,28392.48,25545.53,22097.85,17662.99,13326.1,9839.62,9788.59,10790.37,9642.83,9223.92,9279.34,9241.1,9828.88,10268.92,10990.12,11369.69,11435.36,12478.44,13746.3,13636.63,12773.96,,,,,,,,,2010,12773.96,-55.01,2.36
418.0,Lao People's Democratic Republic,6866.56,,,,,,,,,,8898.18,,,,,,,,,,,,,,,,,,,2000,8898.18,29.59,1.67
428.0,Latvia,26288.57,24408.85,19652.62,16239.32,14312.39,12954.57,13004.99,12454.06,11956.98,11177.51,10561.51,11142.87,11118.97,11308.07,11276.28,11451.43,11932.7,12380.71,11906.52,11221.35,12309.64,11519.61,11336.64,11264.06,11166.0,11214.0,11203.13,11248.15,11745.26,2018,11745.26,-55.32,6.09
422.0,Lebanon,,,,,15702.33,,,,,,18446.84,,,,,,,,,,,24484.86,26223.53,26134.76,,,,,,2013,26134.76,,4.42
426.0,Lesotho,,,,,1820.29,,,,,,3512.89,,,,,,,,,,,,,,,,,,,2000,3512.89,,1.73
430.0,Liberia,,,,,,,,,,,8021.78,,,,,,,,,,,,,,,,,,,2000,8021.78,,2.82
438.0,Liechtenstein,228.39,235.9,236.09,243.22,229.68,233.53,235.9,248.47,259.49,256.5,247.12,246.7,253.01,263.28,263.96,264.51,267.84,238.55,258.55,243.91,229.02,215.97,225.2,231.77,199.73,197.79,187.99,194.0,181.08,2018,181.08,-20.72,4.78
440.0,Lithuania,48016.43,50014.7,30804.47,24733.05,23313.27,22332.61,23384.19,22935.81,23918.89,21059.86,19523.18,20317.59,20680.25,20844.98,21702.41,22801.83,23095.7,25282.97,24376.27,20068.47,20887.59,21462.69,21396.48,20167.64,20110.69,20400.43,20420.35,20617.61,20266.83,2018,20266.83,-57.79,7.23
442.0,Luxembourg,12741.06,13382.78,13146.8,13293.45,12468.53,10091.81,10155.26,9503.14,8622.18,9087.98,9669.11,10158.18,10934.88,11376.3,12766.97,13009.12,12838.07,12253.93,12135.1,11587.58,12169.06,12046.25,11773.25,11234.48,10776.85,10290.1,10050.69,10235.7,10547.15,2018,10547.15,-17.22,17.46
450.0,Madagascar,,,,,21933.66,,,,,,29343.9,,,,,25924.6,27695.96,27733.32,27239.25,27414.91,27756.08,,,,,,,,,2010,27756.08,,1.31
454.0,Malawi,8044.56,,,,7070.34,,,,,,,,,,,,,,,,,,,,,,,,,1994,7070.34,-12.11,0.73
458.0,Malaysia,67367.88,94590.97,102038.42,112581.63,123587.83,125005.3,143655.76,163827.66,155853.09,169353.53,195703.31,204986.35,213125.6,227260.32,244841.99,262996.44,263945.15,279777.19,288268.42,280071.16,301001.12,287740.31,,,,,,,,2011,287740.31,327.12,10.04
462.0,Maldives,,,,,152.98,,,,,,,,,,,,,,,,,1282.1,1351.7,1447.68,1508.21,1535.9,,,,2015,1535.9,,3.38
466.0,Mali,,,,,,8666.21,,,,,12298.7,,,,,,,,,,52732.84,,,,,,,,,2010,52732.84,,3.5
470.0,Malta,2570.37,2424.28,2493.29,3079.73,2864.0,2660.74,2783.21,2798.73,2765.98,2853.1,2789.77,2917.46,2969.38,3250.05,3139.28,2972.18,3032.32,3130.48,3078.43,2899.98,2984.08,2992.34,3207.53,2894.18,2933.25,2255.29,1944.05,2156.18,2186.11,2018,2186.11,-14.95,4.98
584.0,Marshall Islands,,,,,,,,,,,122.53,,,,,135.09,,,,,169.82,,,,,,,,,2010,169.82,,3.01
478.0,Mauritania,,,,,,4329.86,,,,,6943.85,,,,,,,,,,,,,,,,,,,2000,6943.85,,2.64
480.0,Mauritius,,,,,,3505.57,,,,,3996.22,4232.05,4148.89,4329.32,4319.23,4342.16,5488.04,,,,,,,6591.27,,,,,,2013,6591.27,,5.25
484.0,Mexico,404179.37,416948.34,417845.81,424326.64,449255.55,437655.32,458823.48,480816.27,504742.35,493564.82,525638.24,517097.89,513514.59,523480.21,552855.52,561540.1,581689.21,610557.23,643223.27,623101.9,638605.89,650407.17,647100.66,605887.32,,,,,,2013,605887.32,49.91,5.1
583.0,Micronesia (Federated States of),,,,,246.01,,,,,,173.93,,,,,,,,,,,,,,,,,,,2000,173.93,,1.62
492.0,Monaco,102.74,103.56,109.17,108.13,108.87,105.59,109.91,108.02,107.24,108.2,109.07,106.94,107.24,104.54,100.09,98.69,92.72,92.63,93.36,91.05,87.89,85.57,87.56,90.29,84.81,85.76,86.53,85.52,86.93,2018,86.93,-15.39,2.25
496.0,Mongolia,19317.4,17680.3,16005.3,15223.6,14345.0,14251.5,15299.2,15925.3,15929.7,,,,,,,,17710.95,,,,,,,,,,,,,2006,17710.95,-8.32,6.92
499.0,Montenegro,5706.3,6540.17,4564.26,3329.86,2215.3,1406.29,4431.93,4303.56,4703.4,4760.97,5605.98,5196.93,5689.96,4856.03,4842.96,4510.42,4643.92,4655.01,4365.87,3084.51,4024.82,3863.59,,,,,,,,2011,3863.59,-32.29,6.18
504.0,Morocco,,,,,44394.0,,,,,,59699.69,,,,71387.7,74681.6,76369.4,,85287.9,,100516.44,,96108.05,,,,,,,2012,96108.05,,2.89
508.0,Mozambique,6783.15,,,,8223.89,,,,,,,,,,,,,,,,,,,,,,,,,1994,8223.89,21.24,0.55
104.0,Myanmar,,,,,,,,,,,33995.69,34125.14,34774.81,36134.45,37542.13,38374.9,,,,,,,,,,,,,,2005,38374.9,,0.78
516.0,Namibia,,,,,5602.09,,,,,,9085.8,,,,,,,,,,,,,,,,,,,2000,9085.8,,5.06
520.0,Nauru,,,,,35.9,,,,,,19.29,,,41.5,,,,22.6,,,42.19,,,,,,,,,2010,42.19,,4.21
524.0,Nepal,,,,,31188.87,,,,,,26031.33,,,,,,,,,,,,,,,,,,,2000,26031.33,,1.09
528.0,Netherlands,220740.87,228385.56,229110.63,229867.6,230750.53,230937.8,241763.55,233603.08,234161.15,220828.43,219239.07,219714.04,217608.55,218291.27,219893.84,214226.59,209176.56,207676.79,207040.28,201382.08,213281.34,199175.46,195272.03,194878.14,187184.61,195422.37,194991.61,192876.47,187756.39,2018,187756.39,-14.94,11.01
554.0,New Zealand,63590.93,64453.52,65668.78,65433.4,66679.18,67426.24,69549.34,72259.28,70221.38,72059.93,74103.08,77105.36,77474.96,79643.61,79294.83,81274.42,81455.21,79415.58,79526.33,76771.18,77267.81,76975.49,79401.58,78804.91,79449.84,79493.71,77623.31,79640.86,78862.29,2018,78862.29,24.02,16.63
558.0,Nicaragua,,,,,7651.84,,,,,,11980.64,,,,,,,,,,,,,,,,,,,2000,11980.64,,2.36
562.0,Niger,4852.38,,,,,,,,,,13627.0,,,,,,,,15520.0,,,,,,,,,,,2008,15520.0,219.84,1.02
566.0,Nigeria,,,,,242626.4,,,,,,212444.0,,,,,,,,,,,,,,,,,,,2000,212444.0,,1.74
570.0,Niue,,,,,4.42,,,,,,4.85,,,,,5.57,6.74,8.15,4.87,26.08,,,,,,,,,,2009,26.08,,16.08
807.0,North Macedonia,13257.34,12496.89,11880.3,12289.73,12050.82,12076.94,11612.05,12268.55,12900.85,12435.15,12092.05,12121.15,12232.14,12284.35,12417.18,13034.86,11938.33,12404.59,12484.65,11491.3,,,,,,,,,,2009,11491.3,-13.32,5.55
578.0,Norway,51459.02,49199.53,47536.73,49405.88,51267.85,51620.17,54604.38,54596.46,54758.82,55717.7,55114.75,56348.39,55289.87,55795.67,56190.76,55403.47,55355.14,57008.7,55587.36,53179.2,55468.97,54643.09,54121.12,53969.36,53930.25,54353.97,53472.21,52386.53,52022.4,2018,52022.4,1.09,9.75
512.0,Oman,,,,,20878.67,,,,,,,,,,,,,,,,,,,,,,,,,1994,20878.67,,9.72
586.0,Pakistan,,,,,175199.0,,,,,,,,,,,,,,320234.0,,,,364449.0,,,394583.0,,,,2015,394583.0,,1.98
585.0,Palau,,,,,104.86,19.82,32.37,85.17,171.18,47.04,164.51,,,,,346.48,,,,,,,,,,,,,,2005,346.48,,17.51
591.0,Panama,,,,,10692.08,,,,,,9707.74,,,,,,,,,,,,,,,,,,,2000,9707.74,,3.2
598.0,Papua New Guinea,,,,,5012.24,,,,,,10195.68,,,,,,,,,,,,,,,,,,,2000,10195.68,,1.74
600.0,Paraguay,56196.95,,,,26355.62,,,,,,23429.88,,,,,32296.22,,,,,,44088.45,45230.73,,,,,,,2012,45230.73,-19.51,7.04
604.0,Peru,,,,,57582.87,,,,,,63197.0,,,,,,,,,,80591.02,,84564.0,,,,,,,2012,84564.0,,2.87
608.0,Philippines,,,,,100866.61,,,,,,126878.71,,,,,,,,,,,,,,,,,,,2000,126878.71,,1.63
616.0,Poland,475080.32,463126.7,450485.86,450327.26,444648.99,446722.54,460555.49,450448.67,420050.15,408500.81,395949.88,394895.9,385174.51,398551.08,404101.55,404459.53,419741.76,419497.5,413124.39,394084.8,412926.32,412006.11,404526.56,401147.19,388469.51,391674.13,400268.49,414679.37,412856.37,2018,412856.37,-13.1,10.89
620.0,Portugal,58558.61,60519.11,64463.09,62938.84,63906.04,68546.69,66206.27,69401.65,74238.09,82290.12,81528.17,81121.33,85574.06,80229.86,83350.56,85503.56,80733.33,78449.13,76066.24,72999.62,68749.86,67356.05,65466.54,63611.12,63520.26,67698.41,65865.83,70447.04,67280.28,2018,67280.28,14.89,6.56
634.0,Qatar,,,,,,,,,,,,,,,,,,61592.97,,,,,,,,,,,,2007,61592.97,,50.55
410.0,Republic of Korea,292959.18,316165.43,343246.07,378850.65,403823.65,437240.23,470924.43,500803.78,430185.41,468314.21,501335.34,514458.22,536099.11,546424.65,555143.69,559059.09,564427.04,579427.36,592707.18,597583.32,657515.9,682985.64,687091.84,696853.31,690884.85,692861.37,693942.65,,,2016,693942.65,136.87,13.61
498.0,Republic of Moldova,43418.87,38747.4,28754.48,23218.02,20991.45,17423.99,17263.96,16025.55,14044.25,11771.85,10730.67,11420.96,11141.81,11617.26,12304.47,12752.98,11943.3,11658.57,13058.72,13136.8,13939.38,14141.72,13364.24,12836.34,,,,,,2013,12836.34,-70.44,3.15
642.0,Romania,247994.3,204473.46,191274.11,182090.01,180133.16,187227.78,189592.38,184139.93,166852.83,147899.99,143154.46,146187.17,148897.93,153779.79,152551.97,151387.14,152110.74,154670.41,149918.1,128031.3,124173.34,129010.35,125638.73,116001.0,116214.83,116418.66,114287.85,116875.47,116115.12,2018,116115.12,-53.18,5.95
643.0,Russian Federation,3187507.08,3024887.55,2537506.16,2399711.49,2137226.57,2084988.22,2029941.37,1912753.07,1879354.9,1905174.11,1901067.27,1942384.53,1924360.11,1959432.5,1974435.64,1995073.02,2057942.51,2059557.1,2098480.69,1961217.41,2057878.02,2119644.44,2147996.18,2092550.41,2094363.54,2094011.75,2098138.55,2155270.61,2220122.95,2018,2220122.95,-30.35,15.23
646.0,Rwanda,,,,,,,,,,,,,2381.07,,,6180.08,,,,,,,,,,,,,,2005,6180.08,,0.7
659.0,Saint Kitts and Nevis,,,,,164.41,,,,,,,,,,,,,,,,,,,,,,,,,1994,164.41,,3.95
662.0,Saint Lucia,,,,,886.07,,,,,,493.63,,,,,546.14,,,,,647.6,,,,,,,,,2010,647.6,,3.72
670.0,Saint Vincent and the Grenadines,392.18,,,,379.57,,,410.4,,,295.12,,,,381.02,,,,,,,,,,,,,,,2004,381.02,-2.84,3.51
882.0,Samoa,,,,,560.83,,,,,,,,,,,,,,,,,,,,,,,,,1994,560.83,,3.32
674.0,San Marino,,,,,,,,,,,,,,,,,,237.45,,,267.27,,,,,,,,,2010,267.27,,8.56
678.0,Sao Tome and Principe,,,,,,,,,88.17,,,,,,,102.29,,,,,,,153.42,,,,,,,2012,153.42,,0.81
682.0,Saudi Arabia,165268.97,,,,,,,,,,296059.87,,,,,,,,,,525332.15,,548262.55,,,,,,,2012,548262.55,231.74,18.81
686.0,Senegal,,,,,,,,,,,16882.11,,,,,13580.08,,,,,,,,,,,,,,2005,13580.08,,1.22
688.0,Serbia,80802.93,,,,,,,,66342.41,,,,,,,,,,,,,,,,,,,,,1998,66342.41,-17.9,6.85
690.0,Seychelles,,,,,,249.28,,,,,330.08,,,,,,,,,,,,,,,,,,,2000,330.08,,4.08
702.0,Singapore,,,,,26859.08,,,,,,38789.97,,,,,,,,,,46869.5,,48333.87,,,,,,,2012,48333.87,,9.0
703.0,Slovakia,73517.13,64096.66,58415.82,55050.77,52701.64,53302.33,53189.63,53130.67,52525.6,51197.48,49291.58,51564.19,50196.23,50412.28,51271.02,51271.66,51168.78,49417.37,49935.39,45653.72,46405.54,45704.01,43185.82,42855.65,40791.62,41830.67,42316.79,43475.29,43348.35,2018,43348.35,-41.04,7.95
705.0,Slovenia,18609.59,17289.66,17371.45,17555.31,17944.6,18634.26,19281.69,19647.74,19411.18,18788.62,19037.6,19952.64,20121.41,19844.1,20156.01,20456.75,20625.25,20789.28,21514.46,19530.1,19555.22,19565.61,19004.84,18307.64,16575.01,16750.9,17607.61,17366.76,17502.14,2018,17502.14,-5.95,8.42
90.0,Solomon Islands,,,,,294.38,,,,,,422.29,,,,,493.02,,,,,618.61,,,,,,,,,2010,618.61,,1.17
710.0,South Africa,347349.36,,,,379837.16,,,,,,,,,,,,,,,,,,,,,,,,,1994,379837.16,9.35,9.36
728.0,South Sudan,,,,,,,,,,,,,,,,,,,,,,,31521.81,32646.6,33381.66,33638.5,,,,2015,33638.5,,3.14
724.0,Spain,289383.33,296990.56,306740.1,296219.09,312944.73,328901.25,321217.52,335660.95,345704.24,373171.35,388776.13,386579.77,404906.86,412869.59,428860.79,443439.52,436395.82,447253.68,413027.78,373425.05,358858.91,358230.88,350958.86,324693.22,326815.62,338254.29,326890.38,340298.29,334255.16,2018,334255.16,15.51,7.16
144.0,Sri Lanka,,,,28326.0,29598.41,29128.0,,,,,18797.24,,,,,,,,,,,,,,,,,,,2000,18797.24,,1.0
275.0,State of Palestine,,,,,,,,,,,,,,,,,,,,,,3261.75,,,,,,,,2011,3261.75,,0.79
729.0,Sudan,,,,,,54194.0,,,,,67839.6,,,,,,,,,,,,,,,,,,,2000,67839.6,,2.49
740.0,Suriname,,,,,,,,,,,,,,3330.0,,,,,,,,,,,,,,,,2003,3330.0,,6.82
752.0,Sweden,71184.93,71428.09,70970.22,71276.38,73788.74,73120.48,77087.95,72084.29,72549.44,69454.61,68114.65,68934.26,69642.1,70017.22,69455.15,66624.03,66247.36,65129.16,62753.43,58496.75,64467.31,60131.47,57294.3,55607.71,53846.36,53739.18,53285.94,52715.03,51779.24,2018,51779.24,-27.26,5.19
756.0,Switzerland,53778.9,55658.49,55396.14,52921.29,51914.23,52829.75,53432.35,52303.07,53869.04,53658.46,53080.7,54601.12,53068.38,54095.78,54698.08,55414.41,55022.4,53159.34,54524.83,53082.11,54726.72,50615.83,52037.42,52816.49,48877.39,48412.5,48725.31,47873.18,46332.51,2018,46332.51,-13.85,5.43
760.0,Syrian Arab Republic,,,,,52787.4,55114.49,55256.94,57356.71,62271.89,64533.88,69648.27,69197.2,71073.91,72926.55,74843.52,79215.75,,,,,,,,,,,,,,2005,79215.75,,4.31
762.0,Tajikistan,24181.0,23972.0,20283.9,18018.0,12093.0,9526.0,7896.0,7932.0,7022.0,6750.0,6750.0,6980.0,7178.0,7500.0,8382.0,7876.0,8458.0,7630.0,7675.0,8266.0,8184.0,,,,,,,,,2010,8184.0,-66.16,1.09
764.0,Thailand,,,,,223990.13,,,,,,226086.0,238303.0,249798.0,261886.0,279133.0,287728.0,290984.0,301055.0,303027.0,304459.0,314920.0,314272.0,324780.0,318660.9,,,,,,2013,318660.9,,4.68
626.0,Timor-Leste,,,,,,,,,,,,,,,,,,,,,1276.59,,,,,,,,,2010,1276.59,,1.17
768.0,Togo,,,4258.24,4625.05,4660.06,4995.74,5527.08,5774.8,6277.31,,4917.19,,,,,6158.02,,,,,,,,,,,,,,2005,6158.02,,1.1
776.0,Tonga,,,,,229.22,,,,,,245.09,,,,,,192.19,,,,,,,,,,,,,2006,192.19,,1.89
780.0,Trinidad and Tobago,16006.18,,,,,,,,,,,,,,,,,,,,,,,,,,,,,1990,16006.18,0.0,13.11
788.0,Tunisia,,,,,25140.76,,,,,,34237.87,,,,,,,,,,,,,,,,,,,2000,34237.87,,3.53
792.0,Turkey,219367.81,226756.07,232975.38,240316.7,234287.67,247761.96,267396.69,278626.96,280231.0,277650.22,298759.82,280301.38,286003.42,305260.93,314668.94,337139.73,358291.53,391422.39,387590.13,395596.0,398882.58,427830.53,447254.81,439325.69,458368.97,472595.01,497741.9,523752.84,520941.59,2018,520941.59,137.47,6.33
795.0,Turkmenistan,,,,,34901.24,,,,,,50315.64,,,,75408.52,,,,,,66367.2,,,,,,,,,2010,66367.2,,13.05
798.0,Tuvalu,,,,,5.56,,,,,,,,,,,,,,,,,,,,18.43,,,,,2014,18.43,,1.68
800.0,Uganda,,,,,41547.17,,,,,,27559.78,,,,,,,,,,,,,,,,,,,2000,27559.78,,1.17
804.0,Ukraine,942072.46,855689.21,800682.92,710580.89,604307.69,561511.11,514681.25,498995.26,480322.33,449025.44,427203.05,445295.32,430433.29,439724.29,442498.57,441635.07,459266.97,462601.91,450384.56,389970.18,406799.09,428125.58,417169.51,408768.45,362502.5,318938.91,337397.31,322778.65,339244.28,2018,339244.28,-63.99,7.67
784.0,United Arab Emirates,,,,,130435.7,,,,,,129834.0,,,,,195308.0,,,,,,,,,199878.61,,,,,2014,199878.61,,21.69
826.0,United Kingdom of Great Britain and Northern Ireland,797812.04,807236.09,786435.91,767022.5,758171.05,751691.0,773629.78,748416.32,747129.66,716725.96,716279.71,719097.19,699596.36,706682.23,703280.27,695430.66,688259.17,676546.33,656112.47,600031.69,614493.22,567259.49,583865.7,570218.68,529981.28,512121.42,486371.7,475259.76,465931.88,2018,465931.88,-41.6,6.94
834.0,United Republic of Tanzania,38988.84,,,,39236.7,,,,,,,,,,,,,,,,,,,,,,,,,1994,39236.7,0.64,1.36
840.0,United States of America,6437000.13,6373259.7,6480086.59,6596774.55,6685730.47,6771015.64,6974407.04,7028804.64,7077750.26,7125608.98,7275396.97,7172475.08,7214460.6,7255112.41,7381668.68,7391771.13,7314388.89,7416454.47,7210129.3,6753906.09,6981613.04,6820533.47,6580674.82,6769551.03,6829016.66,6676371.43,6524080.44,6488234.64,6676649.62,2018,6676649.62,3.72,20.41
858.0,Uruguay,25658.13,,,,28109.2,,,,32240.39,,28371.21,,30812.3,,30396.31,,35019.52,,37228.81,,31199.58,,34294.76,,32564.6,,32147.55,32006.48,,2017,32006.48,24.74,9.31
860.0,Uzbekistan,180315.32,183155.74,176299.41,203048.7,183614.0,184178.05,188963.96,179273.1,173629.76,182190.66,197973.67,199796.95,204220.18,201710.11,198948.62,196226.63,211745.07,212548.44,227298.98,207574.59,199239.54,204026.59,205269.93,,,,,,,2012,205269.93,13.84,6.97
548.0,Vanuatu,,,,,299.39,,,,,,586.23,,,,,,,,,,,,,,,,,,,2000,586.23,,3.17
862.0,Venezuela (Bolivarian Republic of),,,,,,,,,,192192.24,,,,,,,,,,,,,,,,,,,,1999,192192.24,,8.1
704.0,Viet Nam,,,,,84454.06,,,,,,135795.01,,,,,,,,,,266049.23,,,278441.86,,,,,,2013,278441.86,,3.07
887.0,Yemen,,,,,,17870.11,,,,,25742.09,,,,,,,,,,34139.25,,37942.87,,,,,,,2012,37942.87,,1.55
894.0,Zambia,,,,,32770.07,,,,,,14404.7,,,,,,,,,,,,,,,,,,,2000,14404.7,,1.38
716.0,Zimbabwe,,,,,27594.22,,,,,,68540.68,,,,,,21184.72,,,,,,,,,,,,,2006,21184.72,,1.74
